ProductID,ProductName,Category,Price,ModifiedDate
1,Synergistic object-oriented conglomeration,Books,17090.06,2026-03-12 22:43:30.000
2,Profit-focused 6thgeneration leverage,Books,25177.96,2025-12-08 19:00:39.000
3,Synergized actuating protocol,Clothing,5617.93,2026-01-14 17:09:29.000
4,Right-sized explicit service-desk,Sports,375.54,2026-01-01 10:52:25.000
5,User-friendly client-driven architecture,Clothing,24814.61,2025-02-20 22:07:01.000
6,Balanced grid-enabled benchmark,Books,38033.87,2025-08-25 14:55:10.000
7,Organized upward-trending flexibility,Grocery,4773.67,2025-09-23 23:23:23.000
8,Networked interactive task-force,Sports,31912.25,2025-05-22 20:56:54.000
9,Re-engineered 3rdgeneration algorithm,Electronics,9720.1,2026-08-16 12:36:14.000
10,Visionary cohesive orchestration,Home,11628.55,2026-01-25 17:51:03.000
11,Reverse-engineered explicit hardware,Sports,15303.92,2026-01-02 12:23:58.000
12,Grass-roots even-keeled leverage,Home,5190.71,2026-04-19 10:24:03.000
13,Reactive high-level productivity,Books,10554.08,2025-05-01 01:54:32.000
14,Pre-emptive didactic frame,Clothing,16222.08,2026-08-19 06:40:57.000
15,Monitored heuristic encryption,Clothing,19842.19,2025-05-03 16:16:26.000
16,Virtual human-resource attitude,Clothing,30525.66,2025-09-10 23:08:19.000
17,Proactive upward-trending methodology,Grocery,47837.51,2026-05-23 13:56:53.000
18,Compatible upward-trending workforce,Grocery,29781.72,2026-08-29 15:41:06.000
19,Progressive national structure,Clothing,36337.09,2025-07-24 03:58:48.000
20,Face-to-face context-sensitive support,Home,23625.48,2025-10-16 00:02:51.000
21,Reverse-engineered dedicated approach,Home,7292.08,2026-07-19 10:50:58.000
22,Versatile system-worthy array,Books,17728.98,2025-09-02 22:29:15.000
23,Reverse-engineered value-added toolset,Grocery,22512.91,2026-03-14 12:25:10.000
24,Monitored value-added utilization,Grocery,19707.43,2025-01-05 09:44:36.000
25,Horizontal fresh-thinking instruction set,Grocery,38123.03,2025-02-12 23:00:18.000
26,Managed even-keeled forecast,Home,48435.56,2026-05-17 14:26:55.000
27,Programmable 4thgeneration access,Grocery,40278.27,2026-08-19 18:49:20.000
28,Fundamental asymmetric paradigm,Books,13746.66,2025-06-07 01:31:31.000
29,Multi-lateral upward-trending open system,Books,10470.02,2025-07-18 18:52:06.000
30,Visionary neutral emulation,Home,14775.1,2025-01-19 09:24:30.000
31,Switchable demand-driven task-force,Grocery,16126.2,2025-09-10 23:12:39.000
32,Fundamental multimedia utilization,Books,27925.5,2025-06-04 22:03:26.000
33,Programmable 6thgeneration definition,Sports,39883.86,2026-01-26 15:32:41.000
34,De-engineered responsive matrix,Home,22033.15,2025-03-24 23:32:27.000
35,Diverse user-facing website,Clothing,3767.62,2025-09-10 19:26:36.000
36,Decentralized logistical process improvement,Books,36156.31,2026-04-06 13:12:27.000
37,Front-line uniform artificial intelligence,Electronics,23520.09,2026-08-30 19:08:39.000
38,Visionary value-added installation,Books,32987.94,2026-07-03 17:54:11.000
39,Enhanced discrete system engine,Home,24377.72,2026-04-17 05:47:52.000
40,Secured bottom-line neural-net,Electronics,29326.41,2025-03-20 18:58:37.000
41,Decentralized homogeneous secured line,Home,2852.92,2025-08-03 09:52:28.000
42,Reactive intermediate contingency,Grocery,26917.89,2025-08-09 18:31:50.000
43,Proactive homogeneous strategy,Clothing,5595.99,2026-08-06 09:46:25.000
44,Ameliorated neutral secured line,Books,3745.74,2025-11-18 09:22:09.000
45,Extended systematic core,Clothing,41224.32,2026-04-04 02:49:26.000
46,Down-sized full-range neural-net,Clothing,14977.84,2026-03-13 09:23:21.000
47,Stand-alone value-added approach,Clothing,4445.86,2025-09-12 15:25:11.000
48,Synergized global Graphical User Interface,Books,28658.02,2025-07-22 12:09:24.000
49,Front-line bandwidth-monitored capability,Home,27855.89,2026-06-20 14:31:08.000
50,Implemented asymmetric moratorium,Electronics,1141.5,2026-06-28 02:59:21.000
51,Profound optimizing neural-net,Home,35584.56,2025-10-08 13:48:28.000
52,Enterprise-wide needs-based migration,Grocery,45259.92,2026-08-04 10:10:55.000
53,Pre-emptive radical model,Clothing,44235.03,2025-09-07 12:51:12.000
54,Decentralized client-server matrices,Grocery,23442.9,2025-10-09 07:58:05.000
55,Reverse-engineered secondary matrices,Books,16683.95,2026-07-01 20:38:07.000
56,Realigned leadingedge success,Sports,12988.34,2026-08-04 17:12:40.000
57,Integrated mobile time-frame,Clothing,46637.43,2025-04-03 13:52:14.000
58,Team-oriented well-modulated encryption,Grocery,32129.9,2025-11-04 19:42:58.000
59,Realigned client-server workforce,Electronics,40312.94,2026-02-15 10:02:28.000
60,Diverse scalable utilization,Sports,3061.3,2025-10-18 02:04:00.000
61,Open-architected even-keeled function,Grocery,859.25,2025-01-25 22:05:21.000
62,Vision-oriented homogeneous secured line,Home,47991.42,2026-02-23 12:08:06.000
63,Managed context-sensitive flexibility,Sports,24625.87,2025-09-17 05:35:55.000
64,Enterprise-wide 6thgeneration hardware,Books,31736.97,2025-02-28 16:24:07.000
65,Digitized well-modulated artificial intelligence,Sports,28287.07,2026-08-30 07:13:08.000
66,Optional mobile Graphic Interface,Clothing,5661.13,2026-02-03 20:20:25.000
67,Reduced interactive flexibility,Electronics,42322.65,2026-03-22 18:44:30.000
68,Mandatory contextually-based application,Sports,46128.72,2026-05-21 00:07:18.000
69,Streamlined methodical secured line,Electronics,49647.84,2026-08-19 20:03:55.000
70,Integrated stable throughput,Home,34213.46,2025-12-28 17:33:35.000
71,Universal full-range software,Books,22591.86,2025-04-29 05:18:45.000
72,Public-key 4thgeneration Graphical User Interface,Electronics,32539.66,2025-05-22 02:38:43.000
73,Re-contextualized exuding moderator,Home,32409.6,2025-12-19 16:03:03.000
74,Distributed 5thgeneration portal,Books,26409.31,2026-07-29 08:30:27.000
75,Organized client-driven knowledge user,Grocery,41019.42,2025-01-17 16:28:55.000
76,Triple-buffered systemic success,Home,20103.23,2025-01-05 22:26:46.000
77,Persistent heuristic support,Grocery,31203.3,2025-01-15 15:47:35.000
78,Organic coherent database,Home,476.47,2025-11-28 18:38:47.000
79,Multi-tiered dynamic emulation,Clothing,7567.22,2026-03-30 21:34:01.000
80,Realigned well-modulated Graphical User Interface,Home,33743.19,2026-02-18 11:59:21.000
81,Profit-focused 4thgeneration neural-net,Books,22914.78,2025-06-05 14:27:02.000
82,Intuitive background forecast,Sports,38507.9,2025-10-03 11:04:03.000
83,Automated responsive parallelism,Books,44667.51,2026-03-25 01:22:36.000
84,Advanced zero tolerance support,Clothing,7672.61,2025-06-10 02:48:21.000
85,Seamless analyzing core,Electronics,15458.66,2025-01-21 08:51:35.000
86,Synergistic analyzing circuit,Electronics,26694.43,2026-08-29 10:14:51.000
87,Compatible incremental data-warehouse,Home,6409.81,2025-02-23 19:13:41.000
88,Front-line dynamic definition,Home,16406.68,2025-06-28 17:26:48.000
89,Upgradable 24hour hardware,Clothing,32925.44,2025-08-24 07:00:55.000
90,Virtual analyzing encoding,Home,8206.28,2025-06-30 23:02:25.000
91,Customer-focused multimedia capacity,Clothing,46818.3,2026-08-23 21:33:38.000
92,De-engineered executive process improvement,Clothing,17799.47,2025-12-08 11:30:04.000
93,Versatile bifurcated capacity,Grocery,6199.35,2025-01-20 17:56:08.000
94,Fundamental motivating neural-net,Books,22225.43,2026-07-29 16:58:25.000
95,Seamless leadingedge leverage,Electronics,10468.79,2025-12-14 01:11:11.000
96,Multi-channeled fresh-thinking matrices,Clothing,21955.42,2025-06-09 17:15:47.000
97,Managed heuristic support,Sports,38560.64,2025-04-07 19:37:54.000
98,Compatible intangible intranet,Clothing,4687.95,2026-01-29 13:38:04.000
99,Integrated impactful collaboration,Books,45668.5,2026-02-06 04:11:12.000
100,User-centric systematic access,Clothing,6129.1,2025-04-04 11:38:30.000
101,Ergonomic multi-tasking methodology,Books,47037.75,2026-04-15 19:11:29.000
102,Cross-platform 4thgeneration conglomeration,Home,17951.6,2025-11-19 10:32:39.000
103,Reactive incremental concept,Electronics,9589.51,2026-01-29 17:29:26.000
104,Grass-roots zero administration orchestration,Home,18024.93,2026-01-31 03:30:45.000
105,Synchronized incremental concept,Grocery,5644.02,2025-01-13 12:58:23.000
106,Cross-platform client-server complexity,Grocery,412.42,2025-11-07 22:17:18.000
107,Reduced 6thgeneration forecast,Electronics,48080.36,2025-10-03 11:44:05.000
108,Self-enabling global architecture,Home,18051.6,2025-02-20 17:23:04.000
109,Implemented hybrid project,Books,21735.74,2025-08-22 13:21:02.000
110,Multi-layered static complexity,Books,11506.47,2025-03-07 14:17:22.000
111,Face-to-face 6thgeneration frame,Grocery,32539.11,2026-01-02 02:48:52.000
112,De-engineered motivating synergy,Home,841.71,2026-07-21 17:16:20.000
113,Organized real-time encoding,Home,32385.61,2025-02-05 05:44:55.000
114,Innovative intangible encryption,Clothing,7079.75,2025-05-18 18:11:59.000
115,Ergonomic 6thgeneration circuit,Clothing,28250.73,2026-02-07 19:48:54.000
116,Distributed national neural-net,Books,7830.13,2025-12-31 21:56:36.000
117,Advanced multimedia capacity,Electronics,38126.28,2026-04-09 02:03:25.000
118,Configurable needs-based Graphical User Interface,Books,40128.89,2026-05-29 09:02:30.000
119,Expanded user-facing knowledge user,Sports,14689.57,2025-11-19 05:51:21.000
120,Focused static system engine,Grocery,41171.37,2025-05-14 22:08:29.000
121,Configurable non-volatile forecast,Sports,8773.14,2025-04-28 13:56:13.000
122,Enterprise-wide multi-state complexity,Books,37111.24,2025-05-22 01:32:35.000
123,Extended upward-trending knowledge user,Electronics,18285.15,2025-05-07 02:51:55.000
124,Reduced content-based throughput,Clothing,1547.51,2025-08-26 17:27:42.000
125,Streamlined executive matrix,Home,20212.53,2025-07-25 23:20:18.000
126,Optimized zero administration algorithm,Electronics,31114.58,2025-01-21 01:30:24.000
127,Open-architected tertiary model,Grocery,16612.52,2025-01-27 13:57:31.000
128,Decentralized mission-critical intranet,Clothing,36760.79,2025-11-13 15:13:37.000
129,Assimilated background migration,Grocery,2372.65,2026-08-16 06:04:22.000
130,Right-sized client-server knowledge user,Sports,29945.45,2025-05-12 20:11:14.000
131,Networked 5thgeneration workforce,Electronics,7950.72,2025-09-28 19:36:46.000
132,Multi-layered zero-defect toolset,Electronics,44864.58,2025-11-23 03:11:02.000
133,Centralized responsive attitude,Electronics,49410.17,2026-01-05 11:29:33.000
134,Synchronized coherent extranet,Grocery,23248.44,2026-02-21 21:19:12.000
135,Total actuating portal,Sports,22048.77,2026-05-10 15:50:31.000
136,Multi-channeled dedicated moderator,Grocery,86.05,2025-12-31 15:52:17.000
137,Vision-oriented hybrid collaboration,Home,44982.47,2025-04-10 13:47:43.000
138,Business-focused demand-driven service-desk,Sports,16177.68,2025-10-11 22:57:21.000
139,Fully-configurable real-time Internet solution,Books,47847.42,2026-07-11 09:05:05.000
140,Enhanced web-enabled complexity,Grocery,4865.09,2026-08-05 13:07:55.000
141,Switchable executive matrices,Sports,41562.91,2025-06-02 11:03:24.000
142,Monitored local info-mediaries,Sports,6335.36,2025-04-11 19:47:21.000
143,Pre-emptive 3rdgeneration task-force,Clothing,40282.1,2025-06-25 04:35:27.000
144,Re-contextualized static parallelism,Books,32977.54,2025-03-15 14:59:54.000
145,Streamlined 24hour workforce,Home,35877.54,2026-04-23 16:42:08.000
146,Programmable mobile contingency,Clothing,5306.15,2025-07-14 16:50:26.000
147,Multi-tiered global benchmark,Books,9272.11,2025-08-22 21:03:45.000
148,Distributed exuding frame,Grocery,16464.86,2026-06-04 03:03:56.000
149,Inverse attitude-oriented middleware,Sports,29559.69,2026-03-25 07:10:28.000
150,Networked value-added knowledge user,Home,49382.76,2026-08-14 05:26:37.000
151,Multi-lateral responsive forecast,Home,44981.63,2025-11-24 19:02:26.000
152,Proactive heuristic synergy,Clothing,18769.8,2026-03-27 00:12:45.000
153,Re-contextualized actuating architecture,Electronics,36833.7,2026-08-04 22:32:11.000
154,Total holistic instruction set,Grocery,45305.43,2026-05-06 19:06:04.000
155,Universal scalable software,Clothing,2448.52,2025-05-22 11:56:27.000
156,Enhanced 3rdgeneration help-desk,Books,765.37,2025-01-27 11:55:54.000
157,Robust zero-defect framework,Clothing,41777.19,2025-05-06 17:45:32.000
158,Front-line eco-centric archive,Electronics,19868.34,2026-03-21 08:28:10.000
159,Advanced object-oriented intranet,Home,24064.78,2025-05-26 19:52:52.000
160,Realigned web-enabled customer loyalty,Sports,31454.21,2025-11-12 01:59:30.000
161,Proactive system-worthy infrastructure,Clothing,22632.6,2025-12-19 00:08:27.000
162,Proactive full-range capability,Sports,31084.56,2025-12-08 15:38:26.000
163,Ergonomic homogeneous process improvement,Home,5935.07,2026-05-25 02:40:09.000
164,Digitized zero-defect structure,Home,38437.13,2025-09-19 22:52:52.000
165,Front-line transitional extranet,Clothing,49834.45,2025-07-18 06:50:47.000
166,Enhanced human-resource adapter,Grocery,17082.1,2026-08-23 15:16:05.000
167,Visionary dedicated capability,Books,27467.59,2025-03-16 22:57:14.000
168,Integrated regional interface,Home,33417.23,2026-08-16 20:22:17.000
169,Synchronized high-level knowledgebase,Electronics,25977.69,2026-08-31 08:41:02.000
170,Multi-channeled discrete knowledge user,Books,18302.84,2025-01-20 17:45:03.000
171,Progressive asynchronous moratorium,Clothing,48239.44,2025-03-15 11:09:52.000
172,Expanded client-driven throughput,Grocery,11394.9,2025-03-28 07:44:35.000
173,Visionary local capacity,Books,6057.87,2025-08-18 16:29:52.000
174,Enhanced didactic leverage,Home,6358.65,2025-08-27 11:27:41.000
175,Right-sized grid-enabled application,Sports,22655.61,2025-03-06 10:37:17.000
176,Monitored national architecture,Sports,48316.31,2025-05-22 20:08:29.000
177,Future-proofed well-modulated function,Sports,19908.03,2025-06-01 08:47:20.000
178,Multi-layered 3rdgeneration concept,Books,7128.34,2025-06-22 07:42:57.000
179,Automated stable conglomeration,Clothing,38806.77,2026-07-24 15:47:47.000
180,Digitized cohesive orchestration,Sports,37242.56,2026-04-12 18:15:52.000
181,Up-sized 3rdgeneration artificial intelligence,Sports,39007.89,2026-02-17 02:23:02.000
182,Programmable intermediate workforce,Sports,26276.01,2025-10-09 16:24:02.000
183,Networked global pricing structure,Books,26995.89,2026-02-17 08:08:07.000
184,Function-based 3rdgeneration methodology,Clothing,8379.34,2025-03-19 18:42:32.000
185,Assimilated bifurcated function,Books,34035.83,2026-05-08 16:26:39.000
186,Balanced value-added knowledgebase,Clothing,42954.09,2026-08-07 09:35:48.000
187,Grass-roots national utilization,Sports,35818.49,2026-04-19 12:59:22.000
188,Fully-configurable asynchronous software,Clothing,21229.59,2025-08-05 06:09:02.000
189,Mandatory impactful conglomeration,Grocery,2493.16,2025-08-19 07:05:38.000
190,Configurable asynchronous process improvement,Sports,19519.13,2025-11-24 04:55:57.000
191,User-centric upward-trending hierarchy,Grocery,44692.54,2025-09-08 01:02:51.000
192,Future-proofed intermediate strategy,Home,6849.19,2025-01-01 06:35:30.000
193,Synergistic regional emulation,Books,3789.78,2026-03-08 16:04:06.000
194,Centralized encompassing function,Clothing,33422.6,2026-07-24 16:41:40.000
195,Synergized scalable attitude,Electronics,30675.21,2025-02-15 23:58:56.000
196,Enhanced uniform collaboration,Clothing,37770.72,2025-04-22 16:28:08.000
197,Reactive exuding open architecture,Clothing,24072.56,2026-08-17 21:02:42.000
198,User-centric analyzing process improvement,Clothing,48606.15,2025-10-31 21:12:35.000
199,Implemented composite core,Books,39326.33,2025-11-22 10:53:56.000
200,Re-contextualized systemic parallelism,Clothing,19580.43,2025-07-13 01:44:31.000
201,Managed attitude-oriented algorithm,Electronics,41724.73,2025-06-25 18:37:55.000
202,Advanced contextually-based analyzer,Home,48169.7,2025-04-20 01:59:51.000
203,Secured optimizing definition,Electronics,44637.29,2026-07-18 21:13:43.000
204,Visionary foreground capability,Books,36995.77,2025-04-28 22:37:06.000
205,Multi-tiered logistical customer loyalty,Clothing,10331.26,2026-06-07 03:25:33.000
206,Profit-focused system-worthy data-warehouse,Home,13809.74,2025-01-09 08:44:57.000
207,Reactive disintermediate leverage,Sports,31855.99,2025-08-30 16:27:13.000
208,De-engineered dedicated product,Books,26235.84,2026-04-10 19:51:04.000
209,Up-sized systemic hierarchy,Books,23581.91,2025-12-07 09:58:55.000
210,Horizontal maximized model,Electronics,14976.17,2026-02-25 09:48:28.000
211,De-engineered systemic portal,Grocery,37158.44,2025-04-30 08:44:22.000
212,Assimilated well-modulated toolset,Books,3566.62,2025-09-23 03:43:55.000
213,Synergized bottom-line knowledge user,Electronics,43768.01,2025-10-24 07:42:26.000
214,Operative regional Local Area Network,Home,41906.97,2025-03-29 15:26:41.000
215,Upgradable background hardware,Grocery,31363.57,2026-03-31 08:47:27.000
216,Right-sized modular functionalities,Books,8464.38,2026-06-22 01:19:06.000
217,Phased eco-centric contingency,Grocery,43282.03,2026-08-13 02:42:37.000
218,Face-to-face intermediate leverage,Sports,14590.79,2025-03-22 00:59:39.000
219,Intuitive composite focus group,Books,4474.22,2026-04-14 14:37:35.000
220,De-engineered national leverage,Home,47988.74,2025-07-07 10:01:11.000
221,Realigned solution-oriented encoding,Books,43474.6,2026-01-20 02:44:27.000
222,Reactive stable framework,Grocery,41843.62,2025-11-24 12:34:31.000
223,Innovative incremental definition,Electronics,2879.79,2026-08-22 00:49:33.000
224,Monitored human-resource capability,Books,14046.17,2026-07-23 21:43:13.000
225,Versatile value-added instruction set,Home,13829.49,2026-05-13 07:24:45.000
226,Implemented client-driven forecast,Grocery,25415.79,2026-06-03 01:22:48.000
227,Organized high-level data-warehouse,Home,41823.0,2025-03-06 12:58:21.000
228,Grass-roots human-resource middleware,Books,695.66,2026-01-13 03:17:05.000
229,User-centric fresh-thinking framework,Grocery,12175.07,2025-06-21 22:58:26.000
230,Innovative real-time service-desk,Books,29574.67,2025-07-26 10:01:00.000
231,Operative dynamic time-frame,Books,5243.07,2026-01-14 22:24:22.000
232,Cross-group scalable secured line,Sports,28055.5,2025-10-19 21:50:10.000
233,Assimilated interactive productivity,Books,30351.06,2025-10-25 03:56:34.000
234,Realigned optimal utilization,Electronics,2152.96,2026-04-04 12:47:30.000
235,Cloned dedicated analyzer,Books,41918.37,2025-03-18 13:36:12.000
236,Reactive 6thgeneration superstructure,Electronics,28802.49,2026-08-17 10:33:50.000
237,Advanced client-driven contingency,Sports,11968.79,2026-06-07 10:20:52.000
238,Customer-focused foreground throughput,Sports,35479.8,2025-11-24 15:28:06.000
239,Ergonomic bi-directional focus group,Books,40773.41,2026-08-02 02:56:23.000
240,Compatible empowering project,Books,2041.25,2025-12-08 22:45:47.000
241,Re-contextualized 5thgeneration migration,Sports,42619.04,2026-02-11 01:03:11.000
242,Robust attitude-oriented success,Grocery,1911.95,2026-05-03 20:58:28.000
243,Virtual bi-directional middleware,Grocery,37232.1,2026-06-04 16:20:17.000
244,Configurable needs-based superstructure,Clothing,45408.66,2026-03-17 08:20:28.000
245,Configurable actuating function,Books,9077.85,2025-09-13 12:18:02.000
246,De-engineered bandwidth-monitored productivity,Grocery,4985.27,2025-01-23 00:56:25.000
247,Digitized coherent instruction set,Home,36466.42,2025-10-06 12:34:55.000
248,Optimized zero administration concept,Home,40927.5,2025-10-01 16:48:37.000
249,Focused optimal neural-net,Clothing,48680.3,2025-08-03 20:48:11.000
250,Adaptive homogeneous task-force,Electronics,22328.05,2025-09-10 01:20:58.000
251,Seamless regional circuit,Books,22937.32,2025-07-24 09:54:47.000
252,Operative bi-directional portal,Clothing,38442.13,2025-06-12 15:08:42.000
253,Streamlined web-enabled product,Sports,27945.96,2026-05-19 12:56:38.000
254,Balanced methodical contingency,Grocery,16127.96,2026-08-09 02:53:12.000
255,Customer-focused local intranet,Clothing,17459.53,2026-01-24 05:37:33.000
256,Multi-lateral optimal paradigm,Home,42839.49,2025-10-01 06:06:53.000
257,Polarized bi-directional database,Books,30839.32,2025-06-26 18:13:46.000
258,Versatile interactive knowledgebase,Home,15860.88,2025-03-20 16:20:04.000
259,Multi-lateral transitional extranet,Electronics,45712.86,2026-05-12 16:14:39.000
260,Object-based zero-defect budgetary management,Sports,20332.96,2026-01-22 04:20:36.000
261,Phased dedicated frame,Grocery,31991.78,2025-06-07 00:19:57.000
262,Optimized clear-thinking frame,Books,13270.79,2026-01-13 01:16:09.000
263,Business-focused intermediate monitoring,Grocery,17562.17,2025-10-08 18:09:45.000
264,Inverse solution-oriented extranet,Clothing,37750.8,2025-09-08 16:40:42.000
265,Total fresh-thinking data-warehouse,Clothing,845.57,2026-03-28 22:24:40.000
266,Pre-emptive empowering array,Sports,15560.85,2026-06-28 21:12:05.000
267,Balanced 3rdgeneration secured line,Home,32133.27,2026-08-11 19:13:33.000
268,Cross-group tangible definition,Clothing,28018.07,2025-11-06 02:43:17.000
269,Robust attitude-oriented artificial intelligence,Electronics,30942.63,2025-06-04 06:32:16.000
270,Down-sized demand-driven neural-net,Books,4713.52,2026-04-10 10:57:25.000
271,Synergistic dedicated pricing structure,Books,45739.13,2025-11-11 06:58:55.000
272,Implemented foreground initiative,Clothing,42617.83,2026-07-11 01:07:17.000
273,Horizontal scalable middleware,Home,17041.19,2025-11-05 04:04:54.000
274,Seamless actuating budgetary management,Grocery,6694.96,2025-03-22 11:43:44.000
275,Right-sized national complexity,Books,42258.22,2025-08-17 06:55:17.000
276,User-centric zero tolerance algorithm,Electronics,30690.33,2025-09-09 12:44:45.000
277,Persevering well-modulated architecture,Grocery,49971.97,2025-02-01 16:03:39.000
278,Persistent intermediate monitoring,Clothing,12332.88,2026-06-03 11:29:57.000
279,Optional 6thgeneration open system,Electronics,49634.23,2026-01-20 02:00:58.000
280,Adaptive motivating service-desk,Books,11262.21,2025-06-20 01:59:34.000
281,Progressive impactful moratorium,Clothing,12305.32,2025-12-09 00:49:44.000
282,Mandatory foreground approach,Clothing,32412.36,2025-04-23 22:01:05.000
283,Progressive grid-enabled success,Clothing,670.3,2025-01-17 03:15:16.000
284,Extended regional implementation,Grocery,42883.69,2025-12-07 22:37:08.000
285,Automated optimal capacity,Sports,20755.57,2026-03-18 05:53:06.000
286,Up-sized incremental capability,Clothing,9652.34,2026-02-07 18:52:16.000
287,Centralized user-facing orchestration,Books,29065.74,2026-03-23 23:17:36.000
288,Front-line context-sensitive service-desk,Grocery,44435.78,2026-08-04 01:13:35.000
289,Sharable systematic superstructure,Home,13111.54,2025-07-24 17:03:53.000
290,Persevering human-resource encryption,Home,21594.17,2025-07-02 07:14:00.000
291,Progressive regional software,Home,16041.73,2025-03-01 20:08:16.000
292,Compatible static productivity,Clothing,47906.65,2025-09-07 20:13:28.000
293,Networked global leverage,Books,43004.24,2025-07-11 18:27:46.000
294,Robust neutral forecast,Sports,39788.08,2025-04-11 00:20:51.000
295,Advanced incremental budgetary management,Sports,4876.24,2026-07-05 04:40:26.000
296,Integrated discrete moratorium,Home,23813.1,2025-03-23 09:45:20.000
297,Multi-tiered neutral workforce,Sports,40372.32,2025-06-26 22:57:18.000
298,Profound 24/7 knowledgebase,Books,36019.31,2026-06-30 08:55:18.000
299,Extended user-facing installation,Sports,32266.05,2025-06-23 22:59:16.000
300,Cloned multi-tasking product,Sports,23291.06,2025-02-11 07:44:49.000
301,Public-key scalable time-frame,Grocery,23038.93,2026-01-22 03:13:47.000
302,Enhanced explicit open architecture,Electronics,29573.59,2025-05-14 02:01:52.000
303,Persistent real-time analyzer,Grocery,1154.65,2026-03-11 04:26:29.000
304,Progressive leadingedge analyzer,Home,32531.36,2026-01-06 04:57:39.000
305,Business-focused scalable support,Clothing,43385.48,2025-02-19 12:53:10.000
306,Adaptive incremental synergy,Electronics,34116.25,2026-07-13 08:41:08.000
307,Synergized radical standardization,Home,13840.71,2026-07-20 06:26:20.000
308,Synchronized maximized complexity,Sports,1427.47,2026-01-17 05:21:29.000
309,Versatile full-range superstructure,Clothing,21569.96,2025-11-04 18:33:40.000
310,Down-sized stable process improvement,Grocery,10799.45,2025-08-29 15:33:42.000
311,Enhanced bi-directional capacity,Books,26942.87,2025-08-25 15:17:38.000
312,User-centric system-worthy collaboration,Sports,16560.14,2026-01-30 12:57:58.000
313,Persevering tertiary matrix,Clothing,47316.08,2026-08-19 04:52:19.000
314,Business-focused 24hour circuit,Books,27003.65,2026-04-01 20:05:44.000
315,Proactive high-level infrastructure,Electronics,15757.21,2026-04-19 11:39:50.000
316,Extended homogeneous capability,Home,2695.9,2026-04-02 06:49:06.000
317,Optimized fault-tolerant pricing structure,Electronics,6028.18,2026-04-22 19:00:07.000
318,Reverse-engineered asynchronous ability,Grocery,3228.26,2026-07-22 07:16:35.000
319,Visionary methodical leverage,Clothing,8102.3,2025-07-13 05:57:33.000
320,Profound dedicated encoding,Clothing,48990.11,2025-05-21 18:31:22.000
321,Centralized 6thgeneration complexity,Grocery,1522.9,2026-07-20 23:20:22.000
322,Up-sized interactive interface,Electronics,6019.03,2025-03-15 03:17:46.000
323,Triple-buffered logistical system engine,Sports,47310.05,2026-06-29 10:15:22.000
324,Compatible explicit strategy,Grocery,47454.04,2025-11-13 13:44:00.000
325,Total eco-centric capability,Grocery,19095.47,2025-04-18 14:00:15.000
326,Business-focused zero-defect monitoring,Clothing,42370.91,2025-03-16 11:01:17.000
327,Cloned bi-directional forecast,Clothing,15594.21,2026-07-04 08:20:13.000
328,Up-sized intangible protocol,Home,21546.53,2026-01-24 02:44:39.000
329,Organized leadingedge software,Home,4582.19,2025-11-08 19:09:20.000
330,Synchronized global instruction set,Home,10070.33,2026-05-18 17:09:12.000
331,Advanced high-level system engine,Home,31668.72,2025-12-17 20:48:38.000
332,Cross-group tertiary projection,Sports,37603.18,2025-07-20 05:08:26.000
333,Ergonomic foreground product,Sports,1069.02,2025-02-17 07:16:29.000
334,Decentralized uniform open architecture,Electronics,49101.41,2026-06-15 06:38:18.000
335,User-friendly zero-defect initiative,Clothing,18688.69,2025-01-02 08:13:44.000
336,Compatible client-server focus group,Sports,48181.81,2025-01-10 18:28:47.000
337,Profit-focused stable analyzer,Grocery,282.82,2025-08-26 21:10:21.000
338,Vision-oriented holistic algorithm,Sports,1431.3,2026-03-14 13:52:45.000
339,Universal empowering neural-net,Electronics,18773.06,2025-05-14 21:38:15.000
340,Automated contextually-based application,Sports,9464.68,2026-01-22 23:08:47.000
341,Visionary next generation Graphical User Interface,Clothing,9130.25,2025-09-26 03:53:18.000
342,Intuitive dedicated algorithm,Books,4893.44,2025-05-01 03:16:46.000
343,Implemented intermediate utilization,Sports,30005.93,2025-05-18 10:10:56.000
344,Upgradable object-oriented toolset,Books,44577.27,2026-08-23 14:49:03.000
345,Front-line impactful strategy,Clothing,8915.73,2025-12-12 17:23:08.000
346,Balanced 24hour application,Electronics,1565.57,2026-02-22 13:24:03.000
347,Persistent 5thgeneration process improvement,Electronics,44417.27,2025-08-31 01:51:47.000
348,Profit-focused zero-defect definition,Electronics,46754.87,2025-09-29 02:50:18.000
349,Cloned secondary function,Sports,34167.45,2026-02-07 17:19:57.000
350,Multi-lateral systematic portal,Electronics,8410.9,2026-01-22 12:53:16.000
351,Versatile systemic Local Area Network,Clothing,9698.33,2026-04-22 06:43:12.000
352,Cloned demand-driven analyzer,Grocery,46003.96,2026-05-27 11:06:21.000
353,Optimized uniform ability,Grocery,27421.62,2025-12-14 22:07:27.000
354,Organized local knowledgebase,Books,47203.35,2026-03-07 15:55:04.000
355,Proactive mobile circuit,Clothing,3319.91,2025-10-12 01:01:16.000
356,Reduced coherent function,Grocery,7112.0,2025-05-27 06:54:55.000
357,Profound multimedia access,Electronics,39713.0,2025-10-06 07:35:42.000
358,Cloned 4thgeneration attitude,Grocery,2978.28,2026-05-28 08:57:14.000
359,Ergonomic system-worthy leverage,Sports,35396.49,2025-03-18 17:23:58.000
360,Synchronized bottom-line matrices,Electronics,42396.32,2026-05-31 08:46:16.000
361,Ameliorated foreground access,Sports,32757.47,2026-03-14 07:01:08.000
362,Exclusive even-keeled frame,Sports,28775.59,2026-02-10 04:41:10.000
363,Digitized grid-enabled data-warehouse,Sports,19739.54,2026-05-15 14:05:21.000
364,Virtual web-enabled complexity,Home,10086.56,2025-04-16 05:26:58.000
365,Cloned impactful installation,Clothing,22422.83,2025-08-16 13:09:15.000
366,Adaptive high-level standardization,Grocery,47215.15,2025-11-10 23:32:38.000
367,Automated attitude-oriented algorithm,Electronics,21785.18,2026-01-16 22:56:12.000
368,Right-sized 6thgeneration productivity,Electronics,1240.52,2025-09-07 17:27:52.000
369,Re-contextualized systematic toolset,Sports,28084.59,2025-10-29 23:55:07.000
370,Triple-buffered motivating definition,Home,15329.58,2026-08-22 17:33:00.000
371,Object-based fresh-thinking initiative,Electronics,34218.42,2026-02-14 18:14:49.000
372,Mandatory secondary monitoring,Clothing,41571.3,2025-03-11 06:34:31.000
373,Vision-oriented background algorithm,Sports,15390.64,2026-08-04 20:57:36.000
374,Triple-buffered upward-trending complexity,Sports,45018.8,2025-05-15 15:38:29.000
375,Triple-buffered disintermediate ability,Books,32064.57,2025-02-07 05:57:54.000
376,Future-proofed fresh-thinking alliance,Electronics,26737.89,2025-08-24 07:19:16.000
377,Reactive hybrid implementation,Home,19275.82,2026-02-22 16:38:29.000
378,Re-contextualized methodical hierarchy,Books,2669.14,2025-12-03 22:41:37.000
379,Sharable encompassing superstructure,Sports,36940.08,2025-05-19 11:34:07.000
380,Universal static installation,Books,25461.84,2026-06-28 01:43:04.000
381,User-friendly context-sensitive intranet,Clothing,2283.8,2025-03-18 14:58:58.000
382,Integrated methodical middleware,Clothing,22888.83,2025-06-22 02:18:39.000
383,Re-engineered eco-centric open system,Electronics,35634.91,2026-07-09 14:34:09.000
384,Organic bandwidth-monitored leverage,Clothing,10220.23,2026-03-20 14:55:14.000
385,Triple-buffered asynchronous process improvement,Electronics,32039.04,2025-02-05 03:13:14.000
386,Synergized disintermediate initiative,Clothing,46108.21,2026-06-20 11:09:07.000
387,Versatile didactic benchmark,Home,5860.73,2025-01-04 16:20:14.000
388,Multi-channeled regional groupware,Books,45224.57,2025-09-14 21:38:23.000
389,Compatible demand-driven concept,Grocery,49220.88,2025-06-27 09:09:33.000
390,Cross-platform mission-critical firmware,Grocery,18620.6,2025-02-04 18:19:37.000
391,Fundamental content-based architecture,Sports,7838.65,2025-07-11 05:00:01.000
392,Re-contextualized discrete contingency,Home,31107.1,2025-11-25 10:19:12.000
393,Pre-emptive next generation matrix,Books,34035.77,2026-05-02 09:02:07.000
394,Innovative empowering pricing structure,Books,15521.48,2026-07-27 03:50:41.000
395,Open-source content-based complexity,Grocery,45691.12,2026-06-21 03:46:31.000
396,Multi-tiered national utilization,Grocery,560.86,2025-10-20 22:14:44.000
397,Monitored needs-based neural-net,Clothing,13940.43,2026-08-29 05:48:47.000
398,Pre-emptive 5thgeneration intranet,Sports,24436.41,2025-01-09 02:25:25.000
399,Devolved zero administration help-desk,Grocery,31345.53,2025-02-02 11:11:46.000
400,Enterprise-wide intermediate encryption,Grocery,34815.29,2025-04-11 02:39:03.000
401,Networked exuding productivity,Clothing,33165.0,2025-02-24 18:40:09.000
402,Quality-focused bi-directional concept,Electronics,31897.97,2025-05-04 10:33:17.000
403,Profound non-volatile data-warehouse,Grocery,45115.75,2025-02-21 15:39:20.000
404,Compatible attitude-oriented productivity,Home,9208.76,2025-05-10 23:56:31.000
405,Decentralized impactful strategy,Home,47177.98,2026-06-13 21:00:01.000
406,Stand-alone bi-directional focus group,Books,35765.42,2025-11-06 07:04:14.000
407,Re-engineered demand-driven algorithm,Home,14276.1,2025-08-10 03:16:57.000
408,Centralized reciprocal moderator,Home,42782.63,2025-03-26 06:26:18.000
409,Adaptive global encoding,Grocery,38061.41,2025-06-06 23:54:13.000
410,Multi-layered encompassing knowledge user,Sports,47512.94,2026-01-22 18:46:54.000
411,Configurable multi-tasking challenge,Sports,10079.37,2025-01-28 17:24:23.000
412,Object-based secondary migration,Electronics,23474.4,2025-03-28 12:46:12.000
413,Total impactful forecast,Grocery,11470.82,2025-05-24 06:55:31.000
414,Ameliorated empowering strategy,Books,4226.22,2025-02-22 08:26:02.000
415,Mandatory next generation middleware,Sports,12125.5,2025-10-16 02:06:45.000
416,Focused actuating firmware,Clothing,21933.52,2025-12-10 07:55:16.000
417,Balanced radical productivity,Electronics,29870.22,2026-05-30 20:55:06.000
418,Fundamental radical leverage,Clothing,46684.1,2026-08-20 22:47:44.000
419,Customizable tangible hierarchy,Home,10561.05,2025-02-03 23:42:22.000
420,Cloned tangible firmware,Clothing,28461.63,2025-09-23 03:10:42.000
421,Networked bifurcated installation,Home,42981.4,2025-05-17 08:05:52.000
422,Sharable hybrid functionalities,Clothing,17538.36,2026-05-16 07:32:59.000
423,Function-based demand-driven software,Grocery,2868.59,2025-04-29 21:56:40.000
424,Re-engineered background software,Sports,47343.72,2025-02-19 10:30:37.000
425,Adaptive 24hour access,Books,11300.52,2025-05-31 22:44:35.000
426,Automated context-sensitive access,Books,16827.64,2025-12-07 21:09:34.000
427,Adaptive 6thgeneration extranet,Grocery,1314.22,2025-02-23 21:23:26.000
428,Digitized grid-enabled throughput,Sports,42178.94,2026-02-15 13:00:33.000
429,Automated zero administration architecture,Clothing,14425.94,2025-04-22 08:29:18.000
430,Fully-configurable heuristic project,Home,27378.81,2025-02-14 01:12:33.000
431,Object-based encompassing groupware,Electronics,5612.72,2025-11-15 09:32:25.000
432,Universal demand-driven structure,Electronics,25926.46,2026-04-26 11:16:58.000
433,Cross-platform intermediate strategy,Books,36038.1,2025-09-07 20:06:26.000
434,Quality-focused dedicated collaboration,Clothing,18550.09,2025-03-22 14:50:03.000
435,Integrated non-volatile monitoring,Electronics,34231.61,2025-10-24 02:19:57.000
436,Synchronized secondary parallelism,Electronics,220.88,2025-10-29 00:01:54.000
437,Optimized tertiary adapter,Electronics,38446.34,2025-06-24 09:19:12.000
438,Streamlined uniform portal,Electronics,38120.7,2026-03-14 18:59:16.000
439,Digitized optimizing hierarchy,Electronics,27301.85,2026-05-19 23:40:33.000
440,Exclusive leadingedge contingency,Grocery,41208.72,2026-03-20 21:22:50.000
441,User-centric real-time moderator,Home,32257.27,2026-06-17 12:41:47.000
442,Quality-focused solution-oriented projection,Grocery,30821.65,2026-08-05 01:01:28.000
443,Synergistic coherent Graphic Interface,Grocery,11921.57,2026-04-21 19:51:00.000
444,Focused dedicated ability,Books,12539.61,2025-12-20 09:31:18.000
445,User-friendly static orchestration,Clothing,23982.5,2025-12-19 19:20:02.000
446,Triple-buffered holistic structure,Home,26845.91,2025-06-23 20:40:37.000
447,Upgradable hybrid complexity,Books,7263.15,2026-07-22 18:25:39.000
448,Exclusive 24hour extranet,Grocery,8758.94,2025-07-19 18:45:34.000
449,Centralized high-level monitoring,Home,44102.78,2026-07-29 18:42:13.000
450,Assimilated analyzing software,Home,1095.81,2025-04-22 20:03:07.000
451,Assimilated zero administration projection,Grocery,2175.62,2026-07-07 00:08:38.000
452,Inverse encompassing paradigm,Clothing,43996.26,2025-11-09 10:07:42.000
453,Public-key analyzing projection,Books,6294.96,2025-10-02 03:18:14.000
454,Universal 6thgeneration model,Grocery,10444.64,2025-11-24 02:37:50.000
455,Adaptive analyzing definition,Grocery,44186.91,2026-07-24 16:29:08.000
456,Grass-roots logistical throughput,Grocery,22642.97,2025-12-27 00:35:09.000
457,Decentralized client-driven flexibility,Home,18209.84,2026-06-01 19:27:34.000
458,Managed grid-enabled standardization,Books,19974.21,2026-02-16 14:44:14.000
459,Self-enabling optimizing matrices,Clothing,10335.46,2026-07-08 11:38:16.000
460,Cloned multi-tasking analyzer,Clothing,9588.71,2026-07-21 11:15:50.000
461,Re-engineered modular moderator,Sports,32983.33,2025-10-10 06:32:41.000
462,Balanced system-worthy throughput,Sports,45022.7,2026-08-17 09:33:20.000
463,Ergonomic 3rdgeneration toolset,Home,39614.31,2026-05-16 05:01:51.000
464,Multi-layered system-worthy throughput,Grocery,15379.6,2025-04-20 18:36:35.000
465,Sharable leadingedge challenge,Sports,23538.11,2026-05-22 14:35:13.000
466,Optimized regional focus group,Sports,22643.37,2025-11-17 02:26:00.000
467,Optimized analyzing challenge,Clothing,2591.74,2025-09-20 06:52:12.000
468,Ergonomic value-added infrastructure,Clothing,27607.07,2026-05-28 08:47:40.000
469,Programmable upward-trending success,Sports,19245.31,2025-12-02 09:02:01.000
470,Upgradable asymmetric access,Grocery,9056.75,2025-01-19 12:19:26.000
471,Fundamental human-resource neural-net,Grocery,34713.78,2026-03-17 16:58:13.000
472,Universal well-modulated installation,Home,33366.33,2026-08-03 09:55:13.000
473,Cross-platform clear-thinking matrix,Clothing,34047.48,2026-05-14 01:32:43.000
474,Ameliorated mobile projection,Clothing,20123.73,2025-04-28 00:56:22.000
475,Reverse-engineered optimizing instruction set,Grocery,20593.92,2025-07-10 20:09:05.000
476,Grass-roots systematic parallelism,Clothing,43408.1,2026-08-16 08:16:19.000
477,De-engineered responsive policy,Home,46566.06,2026-04-20 01:53:54.000
478,Reactive tertiary data-warehouse,Sports,46654.36,2026-02-17 02:52:45.000
479,Digitized human-resource throughput,Electronics,36779.12,2026-06-10 05:05:03.000
480,Enhanced client-server initiative,Electronics,4898.38,2025-03-08 14:29:49.000
481,Fully-configurable transitional customer loyalty,Electronics,1122.23,2025-09-15 11:46:07.000
482,Enterprise-wide bottom-line knowledge user,Home,42637.42,2025-10-05 01:18:07.000
483,Adaptive 24/7 attitude,Clothing,10190.2,2025-06-15 10:49:43.000
484,Pre-emptive multi-state system engine,Electronics,15412.71,2025-10-09 21:41:35.000
485,Customer-focused mission-critical middleware,Home,31180.42,2026-03-30 04:16:07.000
486,Persevering maximized forecast,Grocery,45230.53,2026-01-05 00:16:11.000
487,Phased coherent knowledge user,Clothing,16964.11,2025-08-14 01:09:52.000
488,Cross-platform 24/7 forecast,Sports,15196.86,2025-05-05 03:07:08.000
489,Synergized tertiary monitoring,Clothing,45045.81,2025-05-07 19:19:34.000
490,Expanded bi-directional paradigm,Sports,20788.53,2026-04-26 05:44:25.000
491,Ergonomic static functionalities,Sports,20513.51,2026-03-06 00:00:48.000
492,Reactive upward-trending collaboration,Books,31452.69,2025-08-07 10:35:35.000
493,Re-engineered full-range database,Clothing,34513.69,2025-03-30 01:11:30.000
494,Innovative neutral functionalities,Clothing,33210.26,2025-12-12 13:36:34.000
495,Organized exuding protocol,Electronics,4898.59,2025-04-16 07:44:37.000
496,Advanced systemic ability,Grocery,44017.58,2025-10-22 15:57:53.000
497,Enterprise-wide full-range product,Electronics,23870.16,2026-04-01 07:06:03.000
498,Streamlined local toolset,Home,34421.67,2025-12-09 11:39:08.000
499,User-centric directional process improvement,Clothing,29265.32,2025-12-14 10:53:57.000
500,Devolved multi-tasking website,Grocery,44704.7,2026-06-06 18:32:46.000
501,Customer-focused high-level concept,Home,28360.81,2025-03-08 00:42:38.000
502,De-engineered leadingedge capability,Electronics,44330.21,2025-05-18 15:54:31.000
503,Extended 5thgeneration knowledgebase,Home,6790.42,2026-06-11 03:09:03.000
504,Business-focused impactful synergy,Clothing,19711.11,2025-03-28 04:39:52.000
505,Streamlined global moderator,Books,49645.2,2025-06-03 02:48:12.000
506,Exclusive zero tolerance implementation,Home,48080.68,2025-08-16 01:47:20.000
507,Stand-alone maximized implementation,Electronics,35584.84,2025-10-03 12:18:29.000
508,Ameliorated stable productivity,Grocery,30160.49,2025-01-13 09:25:57.000
509,Public-key secondary utilization,Sports,31112.02,2025-11-21 11:12:46.000
510,Synergized even-keeled productivity,Home,49585.51,2025-07-16 06:57:48.000
511,Grass-roots static knowledgebase,Home,9641.56,2026-02-09 05:32:53.000
512,Devolved grid-enabled system engine,Electronics,45218.78,2026-01-16 06:58:27.000
513,Self-enabling reciprocal circuit,Clothing,15962.45,2025-02-10 09:33:23.000
514,Triple-buffered multi-state attitude,Books,32487.79,2025-08-27 04:06:41.000
515,Profound clear-thinking complexity,Grocery,13192.51,2025-09-20 03:47:18.000
516,Robust directional service-desk,Books,2070.76,2026-08-14 03:02:50.000
517,Profit-focused client-driven artificial intelligence,Books,32851.83,2025-03-04 07:51:36.000
518,Digitized systemic system engine,Electronics,16679.3,2025-04-12 11:29:23.000
519,Object-based client-server attitude,Sports,43608.4,2025-01-09 07:03:00.000
520,Total object-oriented info-mediaries,Electronics,36745.33,2025-08-24 02:55:55.000
521,Realigned bandwidth-monitored encoding,Grocery,19064.52,2025-10-23 04:01:44.000
522,Re-contextualized secondary protocol,Books,19450.44,2026-06-06 21:11:48.000
523,Inverse explicit contingency,Grocery,13550.67,2025-09-18 16:41:17.000
524,Front-line object-oriented database,Sports,18371.36,2025-11-26 17:31:07.000
525,Synergized non-volatile circuit,Home,20389.39,2025-04-13 18:59:55.000
526,Virtual homogeneous task-force,Books,47148.17,2025-07-23 04:21:09.000
527,Re-engineered methodical knowledge user,Grocery,27641.51,2025-08-07 18:10:16.000
528,Upgradable object-oriented help-desk,Grocery,13370.29,2026-06-06 19:24:26.000
529,Devolved methodical encoding,Books,4285.53,2025-09-05 11:23:38.000
530,Monitored scalable encryption,Electronics,43080.88,2025-01-18 20:53:24.000
531,Horizontal actuating system engine,Electronics,40547.22,2025-07-08 17:07:18.000
532,Synergized full-range application,Home,3767.01,2025-02-20 10:55:36.000
533,User-friendly composite matrix,Clothing,7742.61,2026-08-28 23:18:49.000
534,Integrated 4thgeneration access,Electronics,4414.98,2025-01-08 11:48:01.000
535,User-centric user-facing groupware,Books,36169.2,2025-09-22 23:12:49.000
536,Extended even-keeled conglomeration,Sports,43514.47,2025-02-24 16:01:48.000
537,Self-enabling intermediate application,Books,7854.38,2025-12-24 21:14:41.000
538,Realigned 4thgeneration software,Home,31568.6,2026-06-01 11:20:38.000
539,Front-line bottom-line Internet solution,Electronics,5336.35,2025-02-13 15:01:04.000
540,Customer-focused coherent access,Clothing,35222.17,2026-08-03 11:38:32.000
541,Grass-roots analyzing flexibility,Clothing,46331.77,2025-03-13 05:29:03.000
542,Inverse analyzing standardization,Electronics,35926.81,2025-01-03 23:36:14.000
543,Persevering systematic Local Area Network,Books,21676.82,2025-07-01 00:50:48.000
544,Organized hybrid throughput,Books,10550.44,2025-03-03 16:20:46.000
545,Adaptive content-based hardware,Books,19375.7,2026-02-16 03:29:28.000
546,Vision-oriented dynamic portal,Clothing,9672.3,2026-07-05 02:30:22.000
547,Multi-tiered systematic orchestration,Sports,49397.08,2026-07-03 13:54:04.000
548,Proactive methodical archive,Home,9343.94,2026-07-23 05:21:18.000
549,Vision-oriented methodical forecast,Electronics,33824.16,2025-12-10 17:06:08.000
550,Profound demand-driven methodology,Electronics,9287.15,2025-03-03 19:04:27.000
551,Fundamental needs-based Internet solution,Clothing,8833.75,2025-07-24 11:33:06.000
552,Down-sized cohesive strategy,Sports,7237.44,2026-03-23 22:52:07.000
553,Future-proofed secondary framework,Books,48637.55,2025-04-07 07:43:10.000
554,Team-oriented cohesive capacity,Electronics,35158.26,2025-05-27 04:16:28.000
555,Cloned fault-tolerant knowledgebase,Home,9393.05,2026-08-11 10:11:50.000
556,Seamless global open system,Clothing,49599.42,2025-11-03 13:08:39.000
557,Managed systemic hardware,Sports,31783.08,2025-08-19 11:15:08.000
558,Networked 4thgeneration strategy,Sports,30097.62,2026-05-13 13:33:21.000
559,Quality-focused national moderator,Grocery,14305.88,2025-07-14 22:02:35.000
560,Multi-lateral tangible strategy,Books,41232.21,2025-07-07 00:17:27.000
561,Total tangible challenge,Books,26551.01,2026-06-15 21:56:30.000
562,Progressive intangible function,Clothing,12620.83,2025-02-20 05:13:32.000
563,Reactive upward-trending workforce,Grocery,3127.9,2025-09-25 08:47:11.000
564,Reverse-engineered grid-enabled implementation,Electronics,45139.54,2026-04-27 10:45:19.000
565,Profound mission-critical functionalities,Grocery,37794.72,2025-03-04 02:24:21.000
566,Ergonomic heuristic framework,Books,33718.05,2025-12-13 08:46:30.000
567,Cross-group fault-tolerant conglomeration,Books,649.35,2026-06-08 21:36:44.000
568,Intuitive foreground task-force,Sports,4457.17,2026-08-23 03:40:45.000
569,Compatible optimal middleware,Home,45820.85,2026-06-27 05:04:45.000
570,Total web-enabled implementation,Books,34069.99,2025-02-21 04:04:12.000
571,User-centric composite hardware,Books,28481.6,2025-09-05 19:47:01.000
572,Synergistic dynamic monitoring,Books,22566.81,2026-01-09 04:12:53.000
573,Vision-oriented solution-oriented benchmark,Home,18553.65,2026-08-16 23:02:24.000
574,Innovative neutral concept,Sports,24479.92,2026-08-02 15:14:07.000
575,Persistent maximized capacity,Sports,9554.74,2025-05-13 11:20:14.000
576,Cross-platform responsive workforce,Home,2182.84,2025-11-15 05:57:55.000
577,Reactive uniform analyzer,Grocery,23273.99,2025-09-09 22:39:12.000
578,Seamless client-driven standardization,Grocery,46176.13,2025-12-27 02:34:30.000
579,Programmable executive secured line,Grocery,43440.68,2025-12-18 05:10:45.000
580,Multi-layered exuding artificial intelligence,Books,7676.61,2026-08-06 23:18:17.000
581,Persistent holistic open architecture,Electronics,19308.93,2025-04-19 07:12:04.000
582,Cross-group user-facing adapter,Grocery,39423.85,2026-05-07 00:55:56.000
583,Progressive web-enabled info-mediaries,Home,7511.73,2025-01-11 20:02:59.000
584,Decentralized 24/7 customer loyalty,Books,21747.34,2025-05-15 04:51:06.000
585,Open-architected methodical approach,Clothing,7594.38,2025-06-18 13:03:26.000
586,Diverse modular service-desk,Grocery,4787.57,2026-01-02 20:05:26.000
587,Expanded bi-directional budgetary management,Home,7537.5,2025-06-03 14:26:53.000
588,Organic mission-critical attitude,Grocery,1132.95,2025-05-03 23:13:49.000
589,Face-to-face encompassing circuit,Sports,15210.93,2025-08-04 16:08:11.000
590,Cloned transitional support,Grocery,11425.58,2026-04-17 08:02:16.000
591,Multi-lateral transitional Local Area Network,Grocery,36200.27,2025-12-04 22:59:34.000
592,Centralized asymmetric functionalities,Clothing,47369.18,2026-01-14 12:42:57.000
593,Fundamental upward-trending capability,Electronics,48456.54,2025-10-02 11:16:59.000
594,Open-architected clear-thinking system engine,Electronics,48073.9,2025-09-09 02:25:21.000
595,Total mobile moratorium,Sports,35315.9,2025-08-13 17:21:01.000
596,Sharable dedicated data-warehouse,Sports,7116.82,2026-01-19 21:08:40.000
597,Synergistic global benchmark,Grocery,40190.92,2026-01-16 23:42:39.000
598,Compatible explicit benchmark,Home,697.73,2026-05-06 12:10:25.000
599,Intuitive empowering standardization,Books,7972.19,2025-08-30 06:13:33.000
600,Sharable real-time process improvement,Grocery,34218.68,2026-04-21 01:32:57.000
601,Assimilated 4thgeneration Graphical User Interface,Clothing,6136.28,2026-02-16 09:08:38.000
602,Function-based mobile adapter,Books,14130.76,2025-10-17 23:50:09.000
603,Operative global framework,Clothing,40365.86,2025-10-15 01:14:17.000
604,Right-sized human-resource help-desk,Grocery,28288.12,2025-02-19 00:44:06.000
605,Optimized transitional Graphic Interface,Home,934.6,2025-11-20 21:27:15.000
606,Compatible global installation,Home,12343.19,2026-06-19 14:30:08.000
607,Reverse-engineered exuding challenge,Home,11710.25,2026-05-08 08:13:11.000
608,Cross-group exuding infrastructure,Grocery,45791.11,2025-08-06 21:28:59.000
609,Total zero tolerance encryption,Sports,27772.04,2025-09-15 03:25:08.000
610,Pre-emptive web-enabled website,Clothing,34931.56,2025-09-07 23:23:50.000
611,Persevering mission-critical instruction set,Sports,39090.68,2025-06-27 19:30:10.000
612,Organic contextually-based intranet,Sports,35419.84,2025-07-04 02:20:00.000
613,Advanced maximized budgetary management,Clothing,40675.43,2026-01-15 11:56:20.000
614,Front-line well-modulated structure,Electronics,28186.74,2025-09-01 11:19:07.000
615,Open-architected methodical projection,Electronics,25572.48,2025-10-26 08:57:03.000
616,Visionary contextually-based product,Sports,37522.11,2025-09-07 20:04:57.000
617,Future-proofed user-facing moderator,Grocery,4111.32,2025-12-26 09:09:10.000
618,Realigned composite framework,Books,30149.86,2025-07-26 14:44:09.000
619,Polarized radical architecture,Grocery,3392.93,2026-08-27 20:24:20.000
620,Cross-group stable moratorium,Home,9699.43,2026-07-07 22:55:11.000
621,Ameliorated 24/7 time-frame,Electronics,7197.01,2026-01-03 23:16:58.000
622,Programmable intangible infrastructure,Books,12366.95,2025-01-03 08:54:58.000
623,Robust well-modulated definition,Sports,16394.36,2026-01-10 19:26:31.000
624,Intuitive mission-critical function,Home,28115.8,2025-09-06 13:53:50.000
625,Universal cohesive Internet solution,Home,24260.65,2026-04-15 17:44:56.000
626,Proactive tangible interface,Clothing,44166.51,2026-05-17 15:21:34.000
627,Reduced bi-directional Internet solution,Sports,9450.34,2026-04-15 23:32:06.000
628,Secured intangible utilization,Books,6062.1,2025-02-17 00:58:30.000
629,Switchable foreground matrix,Clothing,36787.97,2026-02-11 14:47:17.000
630,Quality-focused 24hour product,Home,39952.48,2025-07-12 19:16:36.000
631,Centralized cohesive analyzer,Grocery,39545.93,2026-06-29 04:59:23.000
632,Adaptive empowering productivity,Electronics,40938.4,2025-08-20 14:25:20.000
633,Balanced 24hour open architecture,Clothing,13086.34,2025-08-18 23:46:01.000
634,Networked clear-thinking hardware,Books,1312.92,2026-05-16 04:48:41.000
635,Ameliorated modular orchestration,Electronics,38130.56,2025-10-14 07:47:31.000
636,Open-architected executive data-warehouse,Clothing,23273.73,2025-12-13 22:48:49.000
637,Organized user-facing approach,Sports,31313.2,2025-05-02 22:17:23.000
638,Self-enabling national function,Home,29712.56,2025-03-25 16:30:35.000
639,Pre-emptive asymmetric database,Grocery,46848.3,2025-08-03 08:04:14.000
640,Intuitive national standardization,Sports,9929.15,2025-12-19 02:44:55.000
641,Right-sized motivating migration,Sports,14273.9,2025-04-10 20:04:43.000
642,Monitored local software,Electronics,16174.05,2025-04-07 05:56:31.000
643,Re-engineered multi-tasking methodology,Home,2668.55,2026-03-06 04:44:48.000
644,Operative bottom-line groupware,Clothing,23881.22,2025-09-02 21:02:06.000
645,Polarized global help-desk,Grocery,41598.63,2026-03-04 07:06:46.000
646,Front-line tangible focus group,Grocery,1321.99,2026-05-18 00:25:59.000
647,Sharable non-volatile concept,Clothing,16228.02,2025-09-11 16:27:37.000
648,Realigned 5thgeneration synergy,Electronics,30673.45,2026-05-15 21:57:52.000
649,Open-architected bifurcated encoding,Sports,14181.3,2026-08-11 14:01:16.000
650,Monitored contextually-based architecture,Sports,28448.05,2025-02-13 09:17:26.000
651,Distributed optimizing moratorium,Books,36152.69,2025-04-13 10:10:28.000
652,Automated scalable matrices,Electronics,24859.0,2025-04-19 16:08:17.000
653,Quality-focused didactic secured line,Sports,7620.92,2025-05-07 21:39:22.000
654,Synergized bandwidth-monitored focus group,Clothing,47009.13,2025-03-13 08:23:00.000
655,Robust multi-tasking hierarchy,Home,37745.25,2025-09-20 15:43:22.000
656,Re-engineered user-facing definition,Home,4103.88,2026-08-07 04:52:17.000
657,Implemented cohesive alliance,Grocery,3525.35,2026-02-28 09:36:45.000
658,Quality-focused optimal parallelism,Grocery,3154.42,2026-05-14 12:22:04.000
659,Organized mission-critical matrices,Books,39496.95,2025-05-01 09:06:40.000
660,Secured local policy,Electronics,27427.47,2025-06-10 23:30:18.000
661,Quality-focused systemic software,Electronics,22452.48,2026-08-16 10:57:10.000
662,Multi-tiered client-driven application,Home,45575.65,2025-06-26 14:58:17.000
663,Customizable dedicated alliance,Books,12001.31,2026-06-15 21:46:20.000
664,Proactive logistical utilization,Electronics,27906.34,2026-05-15 08:34:20.000
665,Fully-configurable high-level access,Clothing,42152.51,2026-01-07 19:29:19.000
666,User-centric solution-oriented time-frame,Clothing,2167.62,2026-08-13 03:58:55.000
667,Triple-buffered systemic complexity,Clothing,11671.65,2025-04-17 22:24:46.000
668,Function-based full-range policy,Home,25054.16,2025-10-28 23:59:40.000
669,Re-contextualized scalable approach,Books,37810.36,2025-11-04 10:24:37.000
670,Multi-channeled analyzing instruction set,Home,1011.82,2026-01-18 07:46:52.000
671,Future-proofed client-driven hierarchy,Books,1224.48,2026-06-26 11:20:49.000
672,Profound systemic Internet solution,Electronics,20776.19,2025-02-01 04:04:40.000
673,Virtual mission-critical intranet,Electronics,10046.21,2025-06-12 04:59:47.000
674,Decentralized object-oriented architecture,Grocery,11513.82,2025-01-06 13:19:47.000
675,Stand-alone fault-tolerant collaboration,Electronics,17501.61,2026-03-28 17:29:48.000
676,Secured maximized installation,Sports,44088.27,2025-05-08 12:31:18.000
677,Optimized optimizing secured line,Clothing,19889.22,2026-02-21 12:03:05.000
678,Fully-configurable responsive budgetary management,Books,417.13,2026-08-02 01:53:53.000
679,Future-proofed transitional flexibility,Home,31158.45,2026-03-09 01:29:19.000
680,Secured national knowledge user,Grocery,18746.31,2025-05-05 04:04:05.000
681,Customizable intermediate open system,Sports,41749.38,2025-07-19 01:22:20.000
682,Multi-layered intangible matrix,Home,16757.56,2025-07-22 05:07:25.000
683,Synchronized bandwidth-monitored Internet solution,Books,19661.99,2025-08-10 15:54:03.000
684,Streamlined systemic moderator,Grocery,22609.91,2026-04-14 15:35:31.000
685,Future-proofed 3rdgeneration frame,Books,48388.35,2026-02-02 12:44:19.000
686,Automated real-time Internet solution,Clothing,38512.33,2025-05-24 13:31:08.000
687,Monitored static capability,Grocery,5679.04,2025-03-24 21:35:03.000
688,Automated clear-thinking algorithm,Clothing,37153.53,2025-06-05 10:55:44.000
689,Total full-range support,Books,37999.98,2026-08-04 10:10:44.000
690,Robust empowering open system,Books,14965.56,2026-06-08 16:07:01.000
691,Diverse leadingedge matrix,Sports,10756.4,2025-08-24 15:14:16.000
692,Open-source reciprocal challenge,Electronics,18078.87,2026-05-19 04:25:41.000
693,Face-to-face 24hour knowledgebase,Sports,31324.58,2025-07-15 23:49:12.000
694,Extended bi-directional customer loyalty,Electronics,10879.46,2025-08-29 16:59:02.000
695,Enterprise-wide 3rdgeneration instruction set,Clothing,667.4,2025-09-17 08:56:38.000
696,Open-source 24/7 instruction set,Books,10357.32,2025-10-29 19:30:06.000
697,Quality-focused background adapter,Grocery,36012.47,2025-10-31 12:11:23.000
698,Secured impactful toolset,Clothing,30110.56,2026-01-17 21:37:17.000
699,Progressive coherent budgetary management,Sports,24034.77,2025-08-10 15:10:09.000
700,Balanced multi-state circuit,Books,39760.41,2025-07-13 00:43:10.000
701,Reactive cohesive product,Electronics,3929.82,2025-01-01 05:02:48.000
702,Reduced object-oriented installation,Sports,42641.44,2025-02-08 20:35:24.000
703,Down-sized interactive array,Home,42865.44,2025-01-01 00:10:36.000
704,Synergistic holistic standardization,Grocery,15207.16,2026-07-21 00:51:05.000
705,Front-line web-enabled software,Clothing,28427.14,2025-03-17 12:32:54.000
706,Seamless incremental approach,Clothing,2724.22,2026-05-17 14:03:53.000
707,Multi-tiered empowering array,Grocery,9579.73,2026-07-31 05:01:14.000
708,Multi-tiered encompassing synergy,Electronics,43828.41,2025-08-06 11:10:51.000
709,Enterprise-wide eco-centric conglomeration,Electronics,20903.48,2025-08-20 01:14:28.000
710,Mandatory high-level knowledge user,Electronics,38533.66,2025-08-23 14:37:20.000
711,Focused impactful info-mediaries,Grocery,7134.81,2025-06-08 23:15:00.000
712,Vision-oriented multi-state core,Books,6060.23,2026-08-02 02:01:18.000
713,Multi-layered grid-enabled architecture,Electronics,47623.63,2026-01-06 02:41:36.000
714,Integrated object-oriented intranet,Electronics,8770.34,2025-03-08 20:55:55.000
715,Adaptive heuristic open architecture,Grocery,36254.21,2026-03-27 07:49:36.000
716,Balanced user-facing function,Home,34761.18,2025-07-29 18:24:38.000
717,Business-focused exuding toolset,Sports,1176.82,2026-01-08 14:43:19.000
718,Virtual clear-thinking workforce,Books,3211.03,2025-04-30 01:37:23.000
719,Quality-focused user-facing adapter,Grocery,10813.0,2026-06-11 15:11:42.000
720,Profit-focused solution-oriented info-mediaries,Electronics,18902.38,2026-01-22 08:38:41.000
721,Synchronized maximized installation,Grocery,21652.75,2025-11-17 08:08:43.000
722,Multi-tiered zero-defect data-warehouse,Electronics,8792.39,2026-03-24 23:35:54.000
723,Face-to-face multimedia service-desk,Books,44875.54,2025-02-18 22:35:45.000
724,Re-contextualized background function,Home,47973.47,2026-07-06 09:31:39.000
725,Configurable incremental flexibility,Grocery,14114.35,2025-06-07 10:34:34.000
726,Switchable didactic toolset,Electronics,40106.95,2026-06-06 08:52:05.000
727,Open-source mobile time-frame,Clothing,13634.52,2025-07-02 09:20:02.000
728,Mandatory 4thgeneration core,Electronics,34499.28,2026-05-21 00:16:30.000
729,Vision-oriented zero-defect Local Area Network,Sports,2253.95,2025-12-05 03:24:34.000
730,Virtual real-time approach,Books,27969.27,2026-01-15 10:48:53.000
731,Customizable 5thgeneration knowledgebase,Books,39608.59,2026-07-31 17:41:14.000
732,Cross-platform bandwidth-monitored framework,Home,2412.36,2025-03-10 16:11:37.000
733,Multi-tiered neutral approach,Grocery,29922.55,2026-01-02 23:34:32.000
734,Pre-emptive solution-oriented database,Home,27252.31,2026-05-27 13:13:07.000
735,Synergistic interactive middleware,Books,45095.95,2026-03-04 23:49:58.000
736,Operative homogeneous project,Home,27061.31,2026-07-26 01:01:38.000
737,Innovative mission-critical implementation,Grocery,31983.74,2025-05-16 02:54:01.000
738,Up-sized exuding array,Home,29031.58,2025-12-30 02:32:11.000
739,Expanded background archive,Home,49176.46,2025-04-25 16:04:55.000
740,Distributed optimizing contingency,Grocery,40720.66,2026-06-09 20:09:37.000
741,Cloned multi-tasking migration,Home,27136.32,2025-12-02 07:40:57.000
742,Self-enabling solution-oriented ability,Home,4367.96,2025-04-17 21:49:24.000
743,Progressive 24hour encoding,Home,16673.56,2026-05-17 08:19:25.000
744,Networked regional hardware,Sports,23354.43,2026-06-13 10:24:48.000
745,Balanced directional secured line,Electronics,8255.59,2025-09-24 18:26:31.000
746,Up-sized fault-tolerant interface,Books,25342.33,2025-04-23 15:56:13.000
747,Multi-tiered dynamic encryption,Sports,29959.69,2026-05-07 10:20:06.000
748,Assimilated client-driven concept,Clothing,41609.05,2026-03-22 14:24:18.000
749,Monitored bifurcated encoding,Clothing,7019.09,2026-06-23 10:27:38.000
750,Persistent human-resource orchestration,Grocery,19847.69,2025-03-28 21:35:36.000
751,Public-key maximized groupware,Sports,49525.67,2025-02-02 14:32:04.000
752,Automated zero-defect hub,Sports,26002.46,2025-01-04 03:19:13.000
753,Ameliorated clear-thinking concept,Sports,12773.12,2026-06-01 05:43:49.000
754,Compatible local project,Books,47117.38,2025-06-26 03:31:44.000
755,Focused dedicated encoding,Home,34216.33,2026-01-15 22:58:33.000
756,Intuitive exuding encoding,Books,5890.22,2025-10-17 23:13:43.000
757,Profit-focused scalable knowledge user,Grocery,27445.11,2026-02-11 07:40:57.000
758,Operative bottom-line Graphic Interface,Grocery,32861.75,2025-06-20 03:47:14.000
759,Multi-lateral actuating encryption,Books,28872.12,2025-11-13 21:38:32.000
760,Cross-group static contingency,Electronics,34405.66,2025-06-25 09:29:35.000
761,Seamless background system engine,Grocery,32041.44,2025-05-01 22:28:49.000
762,Polarized value-added archive,Clothing,41725.75,2026-07-11 06:58:15.000
763,Polarized modular focus group,Sports,79.78,2025-03-25 17:33:13.000
764,Stand-alone value-added benchmark,Electronics,24785.39,2026-06-24 18:34:18.000
765,Organized human-resource neural-net,Clothing,47508.02,2026-08-11 01:08:37.000
766,Multi-tiered explicit Internet solution,Clothing,20335.69,2026-02-25 22:59:41.000
767,Exclusive 3rdgeneration customer loyalty,Clothing,31930.52,2025-01-19 06:10:35.000
768,Cloned intangible focus group,Home,860.19,2025-04-05 01:00:41.000
769,Total logistical algorithm,Books,10394.02,2025-02-25 09:48:08.000
770,Centralized next generation hardware,Grocery,3397.74,2025-04-03 09:26:36.000
771,Phased heuristic algorithm,Home,21124.78,2026-05-29 20:50:21.000
772,Re-contextualized zero administration support,Books,20179.89,2026-04-10 03:20:30.000
773,Innovative value-added budgetary management,Grocery,15045.76,2025-10-19 04:56:22.000
774,Public-key explicit architecture,Grocery,10462.0,2026-04-26 23:48:05.000
775,Expanded disintermediate benchmark,Grocery,29505.06,2026-05-09 09:21:05.000
776,Fully-configurable multi-state collaboration,Electronics,30759.42,2026-06-12 11:39:58.000
777,Programmable asymmetric emulation,Electronics,24592.11,2026-01-24 08:34:46.000
778,Universal human-resource Graphical User Interface,Electronics,16015.61,2025-07-18 16:07:31.000
779,Devolved 24/7 infrastructure,Grocery,35046.54,2026-08-08 19:24:28.000
780,Organized neutral solution,Electronics,26973.91,2025-11-25 07:43:48.000
781,Sharable zero tolerance orchestration,Sports,34445.13,2025-09-30 16:08:16.000
782,Centralized actuating methodology,Books,47458.66,2026-01-16 20:00:43.000
783,Compatible human-resource Graphic Interface,Grocery,49732.18,2025-01-31 00:53:25.000
784,Secured asynchronous moderator,Electronics,48140.27,2026-01-04 20:15:06.000
785,Managed needs-based knowledge user,Electronics,12645.21,2025-03-06 10:34:25.000
786,Optional coherent extranet,Books,12307.21,2026-05-06 08:15:46.000
787,Realigned zero-defect middleware,Grocery,46119.43,2025-10-23 00:56:16.000
788,Monitored exuding migration,Clothing,37465.16,2026-04-14 20:04:56.000
789,Expanded discrete strategy,Electronics,49200.81,2025-09-08 18:46:47.000
790,Programmable value-added project,Books,15525.19,2025-12-17 10:57:31.000
791,Secured well-modulated neural-net,Grocery,10866.94,2025-03-15 18:03:59.000
792,Ameliorated directional alliance,Clothing,564.18,2026-04-06 22:19:10.000
793,Cross-platform analyzing core,Electronics,43142.7,2026-01-29 06:00:51.000
794,Mandatory maximized circuit,Sports,22249.28,2025-05-21 18:25:59.000
795,Sharable eco-centric approach,Books,23185.84,2026-03-15 21:17:40.000
796,Pre-emptive optimal leverage,Sports,19439.5,2026-05-23 17:53:39.000
797,Secured disintermediate functionalities,Home,36230.33,2026-03-31 21:30:48.000
798,Business-focused attitude-oriented open system,Sports,5927.54,2026-01-17 10:44:56.000
799,Customer-focused clear-thinking leverage,Grocery,8737.24,2025-08-16 21:10:34.000
800,Organic holistic concept,Electronics,42685.08,2025-08-14 11:20:07.000
801,Fully-configurable dynamic intranet,Grocery,30075.96,2025-03-27 04:28:55.000
802,Persistent dedicated installation,Electronics,34356.03,2025-06-04 15:55:23.000
803,Profound cohesive product,Clothing,24133.2,2025-01-05 10:06:57.000
804,Optional transitional protocol,Books,19395.82,2026-05-23 21:02:55.000
805,Configurable needs-based model,Grocery,45275.23,2025-02-04 01:52:59.000
806,Fully-configurable demand-driven challenge,Clothing,15148.72,2025-09-22 03:22:18.000
807,Versatile object-oriented success,Sports,43285.0,2026-01-19 04:43:48.000
808,Team-oriented context-sensitive product,Grocery,11475.19,2026-06-29 07:29:11.000
809,Multi-channeled needs-based knowledgebase,Electronics,47404.65,2025-03-20 20:48:01.000
810,Profit-focused zero administration system engine,Clothing,8263.44,2026-07-30 01:14:36.000
811,Organized zero tolerance software,Sports,48940.91,2026-03-14 02:48:26.000
812,Implemented regional extranet,Grocery,1232.73,2025-10-12 19:19:45.000
813,Seamless empowering superstructure,Grocery,39727.15,2025-01-16 22:50:55.000
814,Virtual system-worthy infrastructure,Books,35435.02,2025-10-14 01:23:29.000
815,Up-sized fault-tolerant utilization,Electronics,31759.86,2025-11-22 03:43:40.000
816,Monitored disintermediate forecast,Home,23709.22,2025-12-05 21:03:21.000
817,Programmable upward-trending implementation,Grocery,27886.21,2025-02-21 23:49:30.000
818,Networked bottom-line projection,Home,3305.51,2026-06-01 06:56:57.000
819,Face-to-face radical monitoring,Grocery,17914.25,2026-01-29 21:16:55.000
820,Cloned needs-based methodology,Clothing,45967.76,2025-04-04 23:48:22.000
821,Managed exuding hardware,Electronics,1254.26,2026-03-20 01:24:40.000
822,Focused motivating database,Clothing,9380.2,2025-12-13 11:56:46.000
823,Open-architected bifurcated success,Sports,33010.11,2025-10-17 23:07:50.000
824,Enterprise-wide user-facing definition,Grocery,27890.56,2025-02-21 21:35:39.000
825,Quality-focused explicit methodology,Books,48544.73,2025-05-25 02:09:37.000
826,User-friendly 6thgeneration productivity,Electronics,29126.92,2026-03-11 16:56:28.000
827,Optional 4thgeneration product,Clothing,2035.8,2025-04-25 11:29:49.000
828,Centralized regional hub,Books,15052.14,2026-06-29 20:25:16.000
829,Reduced client-driven adapter,Home,19565.95,2025-02-16 14:22:08.000
830,De-engineered intangible approach,Electronics,25534.29,2025-03-29 13:51:37.000
831,Team-oriented exuding challenge,Home,26251.93,2026-03-31 19:52:08.000
832,Advanced demand-driven challenge,Home,26549.44,2025-04-17 11:01:01.000
833,Digitized 24hour capability,Clothing,16010.48,2026-01-09 03:06:11.000
834,Streamlined system-worthy flexibility,Clothing,40071.2,2026-05-31 18:32:05.000
835,Pre-emptive encompassing knowledgebase,Grocery,23764.24,2025-06-16 07:31:57.000
836,Intuitive executive moratorium,Grocery,4997.4,2026-03-06 13:16:25.000
837,Customizable multimedia policy,Sports,31688.16,2025-02-25 02:01:02.000
838,Secured intermediate protocol,Clothing,7348.31,2026-02-01 00:37:35.000
839,Self-enabling hybrid protocol,Electronics,7312.86,2026-01-07 00:45:25.000
840,Enhanced uniform structure,Electronics,25693.56,2026-03-16 17:56:20.000
841,Face-to-face national ability,Books,8278.4,2026-08-09 04:39:00.000
842,Sharable 4thgeneration forecast,Books,20704.76,2025-10-08 22:59:46.000
843,Cross-group explicit circuit,Home,46883.55,2025-11-12 15:41:09.000
844,Fully-configurable bottom-line info-mediaries,Grocery,3030.67,2025-02-03 07:52:47.000
845,Future-proofed systematic time-frame,Grocery,43539.9,2025-01-22 11:43:02.000
846,Synergized systemic system engine,Books,9670.65,2025-10-18 05:56:30.000
847,Ergonomic scalable instruction set,Sports,19569.27,2025-06-24 13:06:14.000
848,Expanded fault-tolerant hub,Clothing,37442.99,2026-01-08 08:01:34.000
849,Sharable executive methodology,Sports,30764.04,2025-11-12 18:18:09.000
850,Persistent secondary Graphical User Interface,Books,32319.75,2025-05-03 04:00:26.000
851,Sharable tertiary interface,Sports,12104.96,2025-08-12 09:46:06.000
852,Object-based encompassing system engine,Electronics,24881.82,2025-12-03 02:53:12.000
853,Organized global budgetary management,Grocery,30011.1,2025-02-21 12:33:17.000
854,Future-proofed uniform help-desk,Books,28106.25,2026-08-27 13:13:29.000
855,Assimilated bottom-line time-frame,Books,7320.91,2025-02-01 00:41:41.000
856,Devolved upward-trending alliance,Grocery,18507.58,2025-08-07 03:06:55.000
857,Seamless directional middleware,Home,23252.13,2025-08-24 17:35:31.000
858,Universal uniform website,Sports,41824.41,2025-09-12 01:21:28.000
859,Profit-focused neutral time-frame,Grocery,45970.37,2026-02-02 05:55:54.000
860,Enhanced 3rdgeneration synergy,Books,24414.99,2026-04-03 22:12:55.000
861,Adaptive tangible challenge,Books,34777.72,2026-04-16 01:50:07.000
862,Implemented even-keeled moratorium,Sports,29987.13,2025-04-17 14:50:55.000
863,Up-sized mission-critical structure,Electronics,23492.94,2026-06-22 01:04:44.000
864,Sharable object-oriented function,Home,24509.29,2026-02-18 18:58:36.000
865,Stand-alone dynamic matrix,Books,25874.03,2025-02-18 21:10:54.000
866,Reduced explicit capability,Home,12617.07,2025-07-30 16:29:19.000
867,Profit-focused actuating utilization,Sports,43743.84,2026-02-03 20:40:03.000
868,User-friendly systemic projection,Home,11430.72,2025-07-05 23:00:54.000
869,Up-sized attitude-oriented ability,Home,28322.45,2025-08-26 22:44:01.000
870,Phased tertiary concept,Home,9632.73,2026-02-07 02:06:03.000
871,Progressive neutral software,Home,33821.2,2025-07-24 23:38:30.000
872,Balanced bi-directional complexity,Books,29908.14,2026-05-27 22:43:19.000
873,Universal value-added task-force,Sports,9458.22,2025-04-19 04:19:26.000
874,Reverse-engineered neutral encoding,Books,40122.11,2025-08-18 03:29:01.000
875,Total cohesive application,Books,9538.8,2025-10-08 18:36:17.000
876,Universal multimedia conglomeration,Sports,35645.42,2025-09-07 10:31:47.000
877,Pre-emptive asymmetric matrices,Grocery,10263.0,2026-03-28 20:35:16.000
878,Multi-layered secondary toolset,Electronics,26029.63,2026-07-17 19:23:12.000
879,User-centric asymmetric concept,Home,36150.99,2026-05-12 00:16:49.000
880,Reactive encompassing project,Sports,12389.01,2026-05-08 00:15:23.000
881,Quality-focused real-time matrices,Clothing,41527.94,2026-05-18 21:51:08.000
882,Switchable fault-tolerant data-warehouse,Home,40488.4,2025-07-10 18:56:46.000
883,Integrated 5thgeneration monitoring,Books,19611.93,2025-07-30 06:58:06.000
884,Centralized composite core,Grocery,46627.57,2026-02-22 10:01:21.000
885,Phased dedicated circuit,Home,17102.9,2026-04-16 16:21:21.000
886,Focused foreground collaboration,Electronics,3648.91,2025-10-20 11:37:29.000
887,Public-key 5thgeneration attitude,Grocery,40665.07,2025-01-03 12:54:09.000
888,Polarized full-range emulation,Home,3373.99,2026-01-20 12:30:19.000
889,Compatible didactic data-warehouse,Sports,22765.29,2026-03-30 06:47:12.000
890,Re-engineered asymmetric model,Sports,41066.85,2026-03-17 18:06:09.000
891,Open-source 24/7 benchmark,Home,21053.64,2025-02-09 14:34:44.000
892,Enhanced static structure,Books,49079.8,2026-01-16 06:03:08.000
893,Multi-lateral asynchronous Graphic Interface,Grocery,29783.83,2025-12-06 13:28:51.000
894,Polarized real-time knowledgebase,Electronics,19374.89,2025-04-19 12:42:24.000
895,Cross-group local policy,Home,9096.18,2026-08-14 09:44:46.000
896,Advanced user-facing software,Electronics,40074.92,2025-02-01 20:56:26.000
897,Implemented asynchronous utilization,Home,42366.38,2025-03-25 11:13:47.000
898,Pre-emptive background algorithm,Home,27447.11,2025-04-09 23:19:13.000
899,Devolved even-keeled analyzer,Books,39204.34,2026-06-18 09:28:05.000
900,Diverse value-added open architecture,Electronics,21192.03,2026-05-28 20:49:38.000
901,Progressive human-resource encoding,Electronics,28350.04,2025-03-28 13:14:37.000
902,Inverse 4thgeneration info-mediaries,Sports,16913.41,2026-07-13 21:47:36.000
903,Down-sized mission-critical policy,Grocery,13894.83,2025-07-06 22:36:19.000
904,Adaptive content-based collaboration,Sports,11562.89,2026-04-14 21:03:43.000
905,Triple-buffered regional service-desk,Home,28552.32,2026-03-06 05:30:18.000
906,Integrated mission-critical paradigm,Clothing,17709.89,2025-04-28 19:56:49.000
907,Digitized object-oriented capability,Sports,1196.56,2025-09-04 00:02:51.000
908,Devolved solution-oriented algorithm,Clothing,38129.44,2025-10-25 16:42:28.000
909,Optional attitude-oriented matrices,Sports,10196.9,2025-01-14 13:06:56.000
910,Synergized radical throughput,Electronics,47725.94,2026-03-20 16:41:25.000
911,Quality-focused didactic system engine,Home,37035.78,2026-01-13 16:29:20.000
912,Horizontal solution-oriented pricing structure,Clothing,6271.94,2025-11-12 15:53:10.000
913,Horizontal analyzing help-desk,Grocery,11087.63,2026-04-19 11:54:07.000
914,Public-key non-volatile hub,Clothing,8323.85,2025-06-21 03:27:55.000
915,Optional executive extranet,Electronics,14009.56,2025-07-05 11:00:33.000
916,Streamlined empowering open system,Grocery,33574.52,2026-03-27 05:13:38.000
917,Implemented upward-trending service-desk,Grocery,43051.72,2025-12-13 13:07:20.000
918,Digitized analyzing Local Area Network,Electronics,10708.72,2025-03-05 16:32:14.000
919,Cloned scalable core,Grocery,20456.3,2025-12-10 17:18:41.000
920,User-friendly analyzing structure,Grocery,7561.76,2026-04-23 17:25:02.000
921,Compatible next generation benchmark,Electronics,37547.17,2026-02-25 09:54:13.000
922,Reactive content-based moratorium,Clothing,38264.54,2026-06-07 23:25:47.000
923,Phased needs-based installation,Sports,24601.42,2025-09-23 20:43:28.000
924,User-friendly next generation help-desk,Grocery,16137.9,2026-01-30 05:35:30.000
925,Stand-alone responsive utilization,Grocery,30801.11,2026-04-17 02:59:05.000
926,Team-oriented dynamic model,Clothing,10313.21,2026-07-01 09:22:39.000
927,Cloned leadingedge customer loyalty,Books,3913.98,2026-06-15 17:14:00.000
928,Phased neutral infrastructure,Grocery,18914.33,2025-06-10 21:12:00.000
929,Ameliorated mobile concept,Home,10935.52,2025-11-11 15:39:14.000
930,Ameliorated grid-enabled capability,Books,13743.38,2025-08-14 18:38:44.000
931,User-friendly eco-centric methodology,Grocery,44927.71,2026-04-12 08:55:53.000
932,Enterprise-wide analyzing capability,Electronics,43892.64,2026-06-18 05:08:29.000
933,Profit-focused optimizing support,Clothing,46766.51,2026-05-17 08:34:05.000
934,User-friendly attitude-oriented archive,Grocery,34894.17,2026-07-08 20:34:55.000
935,Virtual interactive process improvement,Grocery,40015.03,2026-03-21 00:26:59.000
936,Open-architected transitional workforce,Grocery,17291.95,2025-01-16 22:02:17.000
937,Diverse maximized project,Books,24573.33,2025-12-12 21:30:26.000
938,Down-sized background info-mediaries,Electronics,45463.94,2025-12-06 17:01:30.000
939,Fully-configurable 4thgeneration encoding,Clothing,12783.54,2025-07-29 00:47:27.000
940,Integrated zero tolerance architecture,Home,18361.41,2026-01-07 16:27:35.000
941,Extended analyzing product,Clothing,7947.01,2026-03-31 18:24:36.000
942,Business-focused mission-critical alliance,Sports,32268.2,2026-02-17 09:22:29.000
943,Managed even-keeled framework,Electronics,40516.6,2025-10-24 06:37:59.000
944,Secured next generation software,Clothing,18260.36,2025-03-11 21:12:32.000
945,Sharable non-volatile matrices,Clothing,35369.87,2025-03-13 18:01:40.000
946,Cross-group uniform core,Sports,30791.73,2025-02-08 21:16:50.000
947,Robust hybrid ability,Sports,12557.04,2025-07-18 04:15:13.000
948,Robust well-modulated strategy,Home,22682.39,2025-04-21 00:14:59.000
949,Organic neutral project,Home,42932.09,2025-05-25 11:39:55.000
950,Networked national collaboration,Home,11492.98,2025-05-10 10:11:09.000
951,Face-to-face value-added knowledgebase,Clothing,26049.37,2025-03-13 16:03:20.000
952,Reactive secondary focus group,Sports,31066.19,2026-05-24 11:02:12.000
953,Integrated client-driven challenge,Books,39165.88,2025-05-17 15:49:57.000
954,Cross-group eco-centric analyzer,Grocery,14447.74,2025-11-25 18:12:46.000
955,Business-focused motivating knowledge user,Clothing,44751.35,2025-01-14 08:17:31.000
956,Adaptive 24hour policy,Clothing,40396.05,2026-04-14 01:55:05.000
957,Implemented holistic parallelism,Electronics,35640.83,2026-08-24 06:42:47.000
958,Automated executive data-warehouse,Clothing,5120.44,2026-02-19 17:36:41.000
959,Networked radical alliance,Grocery,6250.66,2026-03-06 20:50:39.000
960,Open-architected web-enabled customer loyalty,Books,38054.97,2025-05-19 23:23:05.000
961,Universal asynchronous protocol,Clothing,7678.29,2025-07-10 19:11:00.000
962,Diverse bottom-line toolset,Home,39356.07,2025-05-14 10:28:56.000
963,Cross-group maximized ability,Sports,38329.16,2025-01-17 02:12:38.000
964,Multi-tiered user-facing analyzer,Electronics,25070.61,2025-11-02 21:04:11.000
965,Phased interactive methodology,Electronics,6790.71,2025-12-31 08:02:26.000
966,Polarized intangible synergy,Clothing,7837.68,2025-07-07 21:49:09.000
967,Monitored encompassing synergy,Home,43091.33,2026-03-22 17:36:34.000
968,Programmable systemic alliance,Grocery,39168.71,2025-07-10 21:50:15.000
969,Seamless client-server task-force,Books,22774.46,2025-03-27 08:14:25.000
970,Open-source tangible website,Clothing,35685.81,2026-05-13 05:00:07.000
971,Pre-emptive fault-tolerant standardization,Electronics,30320.24,2025-02-22 02:21:01.000
972,Streamlined interactive groupware,Clothing,49143.67,2025-01-01 10:41:19.000
973,Multi-lateral foreground encoding,Sports,14395.76,2026-01-16 13:27:05.000
974,Upgradable reciprocal time-frame,Grocery,33892.39,2026-03-04 10:37:44.000
975,Face-to-face dynamic monitoring,Grocery,27096.37,2026-02-12 19:39:21.000
976,Assimilated dedicated migration,Books,23357.68,2026-02-08 15:05:33.000
977,Distributed intangible capability,Sports,17729.08,2026-03-25 12:51:21.000
978,Configurable analyzing open architecture,Books,35931.87,2025-11-11 17:26:58.000
979,Distributed impactful solution,Sports,37593.98,2025-11-13 15:40:27.000
980,Monitored exuding core,Grocery,8386.43,2025-04-09 01:16:52.000
981,Innovative intermediate moratorium,Clothing,40251.69,2025-02-27 00:35:36.000
982,Quality-focused impactful attitude,Home,30009.92,2025-08-20 19:21:55.000
983,Customer-focused leadingedge methodology,Grocery,5821.03,2025-10-25 03:39:51.000
984,Integrated client-driven definition,Home,18828.41,2025-01-19 13:04:41.000
985,Customizable client-driven focus group,Clothing,15761.53,2026-08-06 18:49:04.000
986,Progressive asymmetric data-warehouse,Grocery,851.27,2026-08-26 00:23:25.000
987,Virtual empowering forecast,Clothing,31940.76,2025-12-16 11:29:51.000
988,Reduced disintermediate data-warehouse,Books,43266.6,2025-04-19 14:54:06.000
989,Focused impactful capacity,Home,32471.11,2025-11-04 20:42:01.000
990,Extended client-driven alliance,Electronics,12262.36,2025-06-26 08:55:09.000
991,Customizable optimizing extranet,Home,45188.0,2026-01-14 02:09:33.000
992,Stand-alone even-keeled initiative,Books,19992.0,2025-12-28 08:02:39.000
993,Vision-oriented zero-defect Internet solution,Clothing,18609.78,2025-12-26 20:31:30.000
994,Vision-oriented non-volatile focus group,Electronics,6564.18,2025-07-10 13:57:13.000
995,Intuitive foreground protocol,Books,47388.89,2025-03-20 16:05:10.000
996,Reverse-engineered 4thgeneration Graphic Interface,Electronics,14806.13,2025-09-30 06:49:15.000
997,Organic bottom-line Graphic Interface,Grocery,23281.22,2026-05-23 12:51:20.000
998,Balanced modular product,Electronics,43612.04,2026-04-10 15:56:09.000
999,Diverse exuding policy,Sports,14732.85,2026-03-05 10:41:40.000
1000,Right-sized coherent focus group,Grocery,23881.55,2025-02-22 15:03:25.000
